{
    "fishingrod": {
        "rodType": 6,
        "enchantRod": {},
        "rodName": "Diamond fishing rod",
        "cooldownTime": 10,
        "durabilityDefault": 1200,
        "durability": -8,
        "moneyFix": 610,
        "rateBroken": [
            10,
            250
        ]
    },
    "inventory": [
        {
            "name": "Empty",
            "size": 0,
            "price": 0
        },
        {
            "name": "Empty",
            "size": 0,
            "price": 0
        },
        {
            "name": "Empty",
            "size": 0,
            "price": 0
        },
        {
            "name": "Empty",
            "size": 0,
            "price": 0
        },
        {
            "name": "Empty",
            "size": 0,
            "price": 0
        },
        {
            "name": "Empty",
            "size": 0,
            "price": 0
        },
        {
            "name": "Empty",
            "size": 0,
            "price": 0
        },
        {
            "name": "Empty",
            "size": 0,
            "price": 0
        },
        {
            "name": "Empty",
            "size": 0,
            "price": 0
        }
    ],
    "lastTimeFishing": 1630094019,
    "point": 3421,
    "totalMoney": 0,
    "totalCatch": 55
}