{
    "fishingrod": {
        "rodType": 3,
        "enchantRod": {},
        "rodName": "Iron fishing rod",
        "cooldownTime": 40,
        "durabilityDefault": 500,
        "durability": -50,
        "moneyFix": 139,
        "rateBroken": [
            30,
            250
        ]
    },
    "inventory": [
        {
            "name": "Ribbon Eel",
            "rarity": "Uncommon",
            "price": 60,
            "size": [
                115,
                125
            ],
            "time": [
                0,
                1,
                2,
                3,
                4,
                5,
                6,
                7,
                8,
                9,
                10,
                11,
                12,
                13,
                14,
                15,
                16,
                17,
                18,
                19,
                20,
                21,
                22,
                23
            ]
        },
        {
            "name": "Horse Mackerel",
            "rarity": "Very Common",
            "price": 15,
            "size": [
                32,
                38
            ],
            "time": [
                0,
                1,
                2,
                3,
                4,
                5,
                6,
                7,
                8,
                9,
                10,
                11,
                12,
                13,
                14,
                15,
                16,
                17,
                18,
                19,
                20,
                21,
                22,
                23
            ]
        },
        {
            "name": "Sea Bass",
            "rarity": "Very Common",
            "price": 40,
            "size": [
                90,
                110
            ],
            "time": [
                0,
                1,
                2,
                3,
                4,
                5,
                6,
                7,
                8,
                9,
                10,
                11,
                12,
                13,
                14,
                15,
                16,
                17,
                18,
                19,
                20,
                21,
                22,
                23
            ]
        },
        {
            "name": "Sea Horse",
            "rarity": "Common",
            "price": 110,
            "size": [
                7,
                9
            ],
            "time": [
                0,
                1,
                2,
                3,
                4,
                5,
                6,
                7,
                8,
                9,
                10,
                11,
                12,
                13,
                14,
                15,
                16,
                17,
                18,
                19,
                20,
                21,
                22,
                23
            ]
        },
        {
            "name": "Carp",
            "rarity": "Very Common",
            "price": 30,
            "size": [
                74,
                76
            ],
            "time": [
                0,
                1,
                2,
                3,
                4,
                5,
                6,
                7,
                8,
                9,
                10,
                11,
                12,
                13,
                14,
                15,
                16,
                17,
                18,
                19,
                20,
                21,
                22,
                23
            ]
        },
        {
            "name": "Anchovy",
            "rarity": "Common",
            "price": 20,
            "size": [
                11,
                18
            ],
            "time": [
                4,
                5,
                6,
                7,
                8,
                9,
                10,
                11,
                12,
                13,
                14,
                15,
                16,
                17,
                18,
                19,
                20,
                21
            ]
        },
        {
            "name": "Mahi-Mahi",
            "rarity": "Rare",
            "price": 600,
            "size": [
                86,
                140
            ],
            "time": [
                0,
                1,
                2,
                3,
                4,
                5,
                6,
                7,
                8,
                9,
                10,
                11,
                12,
                13,
                14,
                15,
                16,
                17,
                18,
                19,
                20,
                21,
                22,
                23
            ]
        },
        {
            "name": "Sea Bass",
            "rarity": "Very Common",
            "price": 40,
            "size": [
                90,
                110
            ],
            "time": [
                0,
                1,
                2,
                3,
                4,
                5,
                6,
                7,
                8,
                9,
                10,
                11,
                12,
                13,
                14,
                15,
                16,
                17,
                18,
                19,
                20,
                21,
                22,
                23
            ]
        },
        {
            "name": "Empty",
            "size": 0,
            "price": 0
        }
    ],
    "lastTimeFishing": 1630646273,
    "point": 915,
    "totalMoney": 0,
    "totalCatch": 8
}