{
    "fishingrod": {
        "rodType": 5,
        "enchantRod": {},
        "rodName": "Emerald fishing rod",
        "cooldownTime": 20,
        "durabilityDefault": 700,
        "durability": 280,
        "moneyFix": 272,
        "rateBroken": [
            20,
            150
        ]
    },
    "inventory": [
        {
            "name": "Carp",
            "rarity": "Very Common",
            "price": 30,
            "size": [
                74,
                76
            ],
            "time": [
                0,
                1,
                2,
                3,
                4,
                5,
                6,
                7,
                8,
                9,
                10,
                11,
                12,
                13,
                14,
                15,
                16,
                17,
                18,
                19,
                20,
                21,
                22,
                23
            ]
        },
        {
            "name": "Horse Mackerel",
            "rarity": "Very Common",
            "price": 15,
            "size": [
                32,
                38
            ],
            "time": [
                0,
                1,
                2,
                3,
                4,
                5,
                6,
                7,
                8,
                9,
                10,
                11,
                12,
                13,
                14,
                15,
                16,
                17,
                18,
                19,
                20,
                21,
                22,
                23
            ]
        },
        {
            "name": "Empty",
            "size": 0,
            "price": 0
        },
        {
            "name": "Empty",
            "size": 0,
            "price": 0
        },
        {
            "name": "Empty",
            "size": 0,
            "price": 0
        },
        {
            "name": "Empty",
            "size": 0,
            "price": 0
        },
        {
            "name": "Empty",
            "size": 0,
            "price": 0
        },
        {
            "name": "Empty",
            "size": 0,
            "price": 0
        },
        {
            "name": "Empty",
            "size": 0,
            "price": 0
        }
    ],
    "lastTimeFishing": 1630765688,
    "point": 159,
    "totalMoney": 0,
    "totalCatch": 5
}