{
    "fishingrod": {
        "rodType": 1,
        "enchantRod": {},
        "rodName": "Wooden fishing rod",
        "cooldownTime": 60,
        "durabilityDefault": 100,
        "durability": 78,
        "moneyFix": 35,
        "rateBroken": [
            16,
            50
        ]
    },
    "inventory": [
        {
            "name": "Salmon",
            "rarity": "Very Common",
            "price": 70,
            "size": [
                85,
                95
            ],
            "time": [
                0,
                1,
                2,
                3,
                4,
                5,
                6,
                7,
                8,
                9,
                10,
                11,
                12,
                13,
                14,
                15,
                16,
                17,
                18,
                19,
                20,
                21,
                22,
                23
            ]
        },
        {
            "name": "Empty",
            "size": 0,
            "price": 0
        },
        {
            "name": "Empty",
            "size": 0,
            "price": 0
        },
        {
            "name": "Empty",
            "size": 0,
            "price": 0
        },
        {
            "name": "Empty",
            "size": 0,
            "price": 0
        },
        {
            "name": "Empty",
            "size": 0,
            "price": 0
        },
        {
            "name": "Empty",
            "size": 0,
            "price": 0
        },
        {
            "name": "Empty",
            "size": 0,
            "price": 0
        },
        {
            "name": "Empty",
            "size": 0,
            "price": 0
        }
    ],
    "lastTimeFishing": 1630385498,
    "point": 70,
    "totalMoney": 0,
    "totalCatch": 1
}