[
    {
        "key": "dbln",
        "value": "%7B%2261554372470941%22%3A%22paNeetqL%22%7D",
        "domain": "facebook.com",
        "path": "/login/device-based/",
        "hostOnly": false,
        "creation": "2023-12-08T05:05:11.705Z",
        "lastAccessed": "2023-12-08T05:05:11.706Z"
    },
    {
        "key": "datr",
        "value": "U1dsZaZ7dVsVEoAHHDzUD2dd",
        "domain": "facebook.com",
        "path": "/",
        "hostOnly": false,
        "creation": "2023-12-08T05:05:11.706Z",
        "lastAccessed": "2023-12-08T05:05:11.706Z"
    },
    {
        "key": "sb",
        "value": "U1dsZSXP8A3374moK5hvOkwr",
        "domain": "facebook.com",
        "path": "/",
        "hostOnly": false,
        "creation": "2023-12-08T05:05:11.706Z",
        "lastAccessed": "2023-12-08T05:05:11.706Z"
    },
    {
        "key": "fr",
        "value": "0xGH3MNPBKJuTvU75.AWUJQXw7Zwdu0CPZVBVc-zsy-no.BlbFdT.nO.AAA.0.0.BlbFdl.AWUpWuY1LBk",
        "domain": "facebook.com",
        "path": "/",
        "hostOnly": false,
        "creation": "2023-12-08T05:05:11.706Z",
        "lastAccessed": "2023-12-08T05:05:11.706Z"
    },
    {
        "key": "c_user",
        "value": "61554372470941",
        "domain": "facebook.com",
        "path": "/",
        "hostOnly": false,
        "creation": "2023-12-08T05:05:11.706Z",
        "lastAccessed": "2023-12-08T05:05:11.706Z"
    },
    {
        "key": "xs",
        "value": "16%3AmvfPTNWh7cpZLg%3A2%3A1701599078%3A-1%3A-1",
        "domain": "facebook.com",
        "path": "/",
        "hostOnly": false,
        "creation": "2023-12-08T05:05:11.706Z",
        "lastAccessed": "2023-12-08T05:05:11.706Z"
    },
    {
        "key": "m_page_voice",
        "value": "61554372470941",
        "domain": "facebook.com",
        "path": "/",
        "hostOnly": false,
        "creation": "2023-12-08T05:05:11.706Z",
        "lastAccessed": "2023-12-08T05:05:11.706Z"
    },
    {
        "key": "wd",
        "value": "360x560",
        "domain": "facebook.com",
        "path": "/",
        "hostOnly": false,
        "creation": "2023-12-08T05:05:11.706Z",
        "lastAccessed": "2023-12-08T05:05:11.706Z"
    },
    {
        "key": "locale",
        "value": "vi_VN",
        "domain": "facebook.com",
        "path": "/",
        "hostOnly": false,
        "creation": "2023-12-08T05:05:11.706Z",
        "lastAccessed": "2023-12-08T05:05:11.706Z"
    },
    {
        "key": "fbl_ci",
        "value": "424240450165297",
        "domain": "facebook.com",
        "path": "/",
        "hostOnly": false,
        "creation": "2023-12-08T05:05:11.706Z",
        "lastAccessed": "2023-12-08T05:05:11.707Z"
    },
    {
        "key": "vpd",
        "value": "v1%3B560x360x2",
        "domain": "facebook.com",
        "path": "/",
        "hostOnly": false,
        "creation": "2023-12-08T05:05:11.707Z",
        "lastAccessed": "2023-12-08T05:05:11.707Z"
    },
    {
        "key": "fbl_cs",
        "value": "AhCQ2jRCLu9SW2wFJdbLh%2FT1GFdIeHA5UzVJV250RlBuNm9SbE5FdUQ3QQ",
        "domain": "facebook.com",
        "path": "/",
        "hostOnly": false,
        "creation": "2023-12-08T05:05:11.707Z",
        "lastAccessed": "2023-12-08T05:05:11.707Z"
    },
    {
        "key": "fbl_st",
        "value": "100424476%3BT%3A28366864",
        "domain": "facebook.com",
        "path": "/",
        "hostOnly": false,
        "creation": "2023-12-08T05:05:11.707Z",
        "lastAccessed": "2023-12-08T05:05:11.707Z"
    },
    {
        "key": "wl_cbv",
        "value": "v2%3Bclient_version%3A2374%3Btimestamp%3A1702011887",
        "domain": "facebook.com",
        "path": "/",
        "hostOnly": false,
        "creation": "2023-12-08T05:05:11.707Z",
        "lastAccessed": "2023-12-08T05:05:11.707Z"
    }
]